--
-- PostgreSQL database dump
--

-- Dumped from database version 13.4 (Ubuntu 13.4-1.pgdg20.04+1)
-- Dumped by pg_dump version 13.4 (Ubuntu 13.4-1.pgdg20.04+1)

-- Started on 2021-09-23 02:45:20 CEST

--
-- TOC entry 3140 (class 0 OID 177432)
-- Dependencies: 215
-- Data for Name: users; Type: TABLE DATA; Schema: public; Owner: postgres
--

INSERT INTO public.users VALUES ('e194ba33-c08c-4839-ae38-05b1904407d2', 'Djordjije', '98a10ea8-5462-435a-a283-6eb66e528cef.jpg', 'Kundacina', '$2a$10$SGYrV025vt8LCppdh/VzVeZIXeFbDr5cBFyuMxCOD.I15p8CzbRie', 0, 'djordjije');
INSERT INTO public.users VALUES ('6b217f25-2b45-4d60-8063-bf56fa3b40a1', 'Andjela', '516d2e03-33dd-4f72-b1ae-7a1c05eaeed8.jpeg', 'Andjelkovic', '$2a$10$DESR8C2elCVj8tcpWmzEU./MmgwDhl1jVIUXAR6ZlsWLUzza8gaI6', 1, 'andjela');


--
-- TOC entry 3125 (class 0 OID 177348)
-- Dependencies: 200
-- Data for Name: administrators; Type: TABLE DATA; Schema: public; Owner: postgres
--

INSERT INTO public.administrators VALUES ('e194ba33-c08c-4839-ae38-05b1904407d2');


--
-- TOC entry 3126 (class 0 OID 177353)
-- Dependencies: 201
-- Data for Name: authors; Type: TABLE DATA; Schema: public; Owner: postgres
--

INSERT INTO public.authors VALUES ('1c1c2808-cb6c-4223-b3aa-8ec5c4c13951', 'Momo Kapor rođen je 1937. godine u Sarajevu kao jedino dete Bojane Kapor (devojačko Velimirović) i Gojka Kapora.

Bilo je predviđeno da se rodim, kao i ostali slikari, u Firenci, ali roda koja me je nosila 8. aprila 1937. godine imala je prinudno sletanje u grad Sarajevo zbog guste magle koja tamo uvek vlada. Tako je ime tog lepog i nesrećnog grada zauvek upisano u sve moje dokumente. Ma kuda da krenem ne mogu pobeći od njega.

Jedan tragičan događaj zauvek je obeležio rane godine, ali i čitav život Mome Kapora. Za veme nemačkog bombardovanja Sarajeva, 13. aprila 1941. godine, na kuću u koju su se skonili Momina majka, baka i još četrdesetak ljudi pala je bomba, a četvorogodišnji Momo je jedini preživeo zahvaljujući tome što ga je majka pokrila sopstvenim telom, ostavši na mestu mrtva.

Tako je na samom početku života Momčilo ostao bez dvadesetosmogodišnje majke, ali i bez oca, koji je zarobljen na početku rata kao rezervni oficir kraljevske vojske i interniran u logor u Nirnbergu, odakle će izaći tek nakon kapitulacije Nemačke.

Svoje najranije detinjstvo provodi u Sarajevu, kod bakine sestre Janje Baroš, a u Beograd prelazi godinu dana po završetku rata, sa svojim ocem.

U septembru 1955. godine upisuje se na Akademiju likovnih umetnosti u Beogradu, gde diplomira 1961. godine, u klasi profesora Nedeljka Gvozdenovića.

Momo Kapor, još kao gimnazijalac Treće beogradske gimnazije a zatim i kao student, počinje saradnju sa nekoliko časopisa u kojima objavljuje likovne kritike. Nešto kasnije počinje da piše putopise, feljtone i priče koje objavljuje u Vidicima, Politici, Oslobođenju, Ninu, Mladosti i Književnim novinama. Tada nastaju i njegove prve radio drame koje šalje na konkurse, često pod pseudonimom.

U vreme završetka Akademije, 1961. godine upoznaje Anu Pjerotić, kćerku uglednog lekara Ante Pjerotića, sa kojom se venčava posle nekoliko godina, 1964. godine. U ovom braku rođene su kćerke Ana i Jelena.

Nakon venčanja živeli smo u iznajmljenoj sobi na Crvenom krstu, a zatim u iznajmljenom stanu u Siminoj ulici. Kiriju za taj stan smo platili godinu dana unapred od nagrade koju je dobio za jednu od svojih radio-drama, baš u trenutku kad se rodila naša kćerka Ana. Ubrzo se zapošljava u Jugoslavija publiku, a ja nastavljam studije na Filozofskom fakultetu, gde sam 1966. diplomirala na katedri za psihologiju. Naš prvi pravi dom nalazio se u ulici Kraljevića Marka, gde se rodila naša mlađa kćerka Jelena. Nekoliko godina kasnije zamenili smo ga za prostraniji stan u Kondinoj ulici, u kojem smo zajedno živeli do Momine pedesete godine. Tu su nastale Beleške jedne Ane, Provincijalac, Foliranti, Zoe...

U ženskom časopisu Bazar počinju da izlaze tekstovi o tinejdžerki Ani, ilustrovani rukom autora. Oni vrlo brzo nalaze put do publike i 1972. godine postaju knjiga Beleške jedne Ane.

Tu sam iznosio mnogo opasnije stavove od onih koji su se mogli naći u disidentskoj literaturi. Tadašnji Politbiro bi ispao smešan da je napadao tinejdžerku sa kikicama (...) Tada sam sebe proglasio za lakog pisca čija su dela bila zgodna za čitanje pod haubama frizerskih salona, da bih se zaštitio od napada političkih oligarhija koje su se smenjivale na vlasti tokom mog života.

U tom periodu počinje i saradnja Mome Kapora i izdavačke kuće Znanje, koja u okviru biblioteke HIT objavljuje prve Kaporove romane koji će mu doneti ogromnu popularnost. Njegove knjige su godinama bile na vrhu lista najčitanijih dela, a on je vrlo brzo postao miljenik publike. Zahvaljujući svojim autorskim emisijama na radiju i televiziji stekao je široku popularnost koja je u to vreme bila neuobičajena za književnike.

1988. godine razvodi se od prve supruge da bi ubrzo nakon toga ušao u novi brak.

Momo Kapor je autor preko četrdeset knjiga. Osim romana i priča pisao je drame, putopise, esejističku prozu i bavio se ilustracijom. Njegove knjige su prevedene na mnoge strane jezike
Umro je 2010. godine u Beogradu.

', 'Momo', 'b9c67c7b-46d5-4ce6-988d-15cb4789889e.jpg', 'Kapor', 1937, 2010);
INSERT INTO public.authors VALUES ('0752d034-2327-4790-b16a-077c2d8d71aa', 'Džordž Martin je rođen 1948. u Nju Džerziju kao Džordž Rejmond Ričard Martin. Sklonost ka pisanju razvio je još kao dete, pišući priče o čudovištima i prodajući ih komšijskoj deci. Kasnije, u srednjoj školi, postao je ljubitelj stripa i predani kolekcionar, usmerivši svoje literarno delovanje na pisanje strip scenarija za različite opskurne fanzine. Prvi profesionalni ugovor sklopio je 1970, prodavši priču za strip Heroj.

Godine 1971. diplomirao je žurnalistiku na univerzitetu Nortvestern. Nekoliko sledećih godina radio je u administraciji okruga Kuk, organizovao šahovske turnire i bio predavač na katedri za novinarstvo univerziteta Klark u Ajovi. Tokom sedamdesetih samo je povremeno pisao.

Pošto se 1979. razveo, svu energiju usmerio je ka pisanju. Sve ostalo je legenda: za svoj literarni rad Džordž R. R. Martin dobio je sve važnije nagrade u žanru epske fantastike, nekoliko nagrada Nebula i Hugo.

Godine 1986. seli se u Holivud, gde radi kao urednik serijala Zona sumraka, konsultant na scenariju za Lepoticu i zver, producent istog projekta, a na kraju i supervizor.

Martin danas živi u Santa Feu u Novom Meksiku. Potpredsednik je Američkog udruženja SF pisaca.', 'Džordž', '46ca74ae-f5c8-4e02-b523-500a69abe01b.jpg', 'Martin', 1948, NULL);


--
-- TOC entry 3134 (class 0 OID 177402)
-- Dependencies: 209
-- Data for Name: languages; Type: TABLE DATA; Schema: public; Owner: postgres
--

INSERT INTO public.languages VALUES ('924d1920-12ab-4569-ab4d-8a8307b42da8', 'Serbian');
INSERT INTO public.languages VALUES ('cdba9d04-71a4-46e6-85d6-aa1eedd4bd5c', 'English');


--
-- TOC entry 3127 (class 0 OID 177361)
-- Dependencies: 202
-- Data for Name: books; Type: TABLE DATA; Schema: public; Owner: postgres
--

INSERT INTO public.books VALUES ('78c5fe36-4fd6-45cc-8834-2e3eae0ab5ae', '„Možda zbog toga volim ovu knjigu. Ona me, više od bilo koje druge, podseća na tatu i na vreme koje smo proveli zajedno. Zato ove priče i moj kratak predgovor osećam kao nastavak naših razgovora, kao nevidljivu nit koja nas zauvek vezuje i na koju vreme ne utiče.“
– iz predgovora Ane Kapor

Lanjski snegovi (1977) potvrđuju Momu Kapora kao vrsnog pripovedača urbane orijentacije koji nas – s pomalo nostalgije i ironije, ali i s puno topline – uvodi u jedan svet koji polako nestaje. Ova knjiga sadrži neke od najlepših Kaporovih priča, koje ga, bez sumnje, svrstavaju u red autora čije vreme nikada ne prolazi.', 'd1e5fcc2-d153-4e17-afaa-d949887b0781.jpg', '978-86-521-4206-4', 20, 10, 'Lanjski snegovi', '924d1920-12ab-4569-ab4d-8a8307b42da8');
INSERT INTO public.books VALUES ('8a6b2e2a-058a-4c9b-b843-efcbbeb751a0', 'Posebno, raskošno ilustrovano izdanje druge knjige Pesma leda i vatre sa predgovorom Bernarda Kornvela za fanove čuvenog književnog serijala i HBO-ove serije Igra prestola.

Kao da se samo vreme iščašilo. Leto spokoja i obilja, dugo deset godina, bliži se kraju, a surova, ledena zima prikrada se kao gladna zver. Dva velika čoveka – lord Edard Stark i kralj Robert Barateon – koji su vladali u tokom dugog doba mira, sada su mrtvi, žrtve izdajstva u kraljevskom domu. Sada, od drevne citadele Zmajkamen do surovog severa oko Zimovrela, vlada metež, pošto pretendenti na gvozdeni presto Sedam kraljevstava pokušavaju da ga zauzmu ratom, prevarom ili magijom.

Dok nebo preseca kometa boje krvi i plamena – kometa koja najavljuje propast – šest strana se bore za prevlast u zavađenoj zemlji. Edardov sin Rob proglasio se za kralja na Severu. Na jugu, prestolonaslednik Džofri je vladar samo po imenu, okružen spletkama dvorana u Kraljevoj luci. Dva Robertova brata takođe žele vlast, ali i oni bez prava na tron spremaju se u osvajački pohod. A na dalekom kontinentu, prognana kraljica, majka zmajeva, stavlja sve na kocku i vodi svoje dragocene štićenike preko nemilosrdne pustinje da osvoji krunu koja joj po pravu pripada.

U svetu kojim vladaju bratoubistvo i rodoskvrnuće, alhemija i izdajstvo, cena slave meri se krvlju, a pobednički plen će završiti u rukama ljudi sa najhladnijim čelikom i najhladnijim srcem. Jer kada se kraljevi sudare, čitavo kraljevstvo se ruši.', 'd9efdebb-533f-44e4-b796-9aca57926538.jpg', '978-86-521-4287-3', 29, 19, 'Sudar kraljeva - ilustorvano izdanje', 'cdba9d04-71a4-46e6-85d6-aa1eedd4bd5c');
INSERT INTO public.books VALUES ('0fc7a533-3eef-460f-af6d-c36f546bbb0c', 'ROMAN DO SADA NEVIÐENE SNAGE MAŠTE IZ PERA NAJVEĆEG MAJSTORA ŽANRA

U „Igri prestola“, Džordž R. R. Martin je stvorio istinsko remek-delo, objedinivši sve ono najbolje što žanr epske fantastike može da pruži. Magija, spletke, romanse i pustolovine ispunjavaju stranice prvog toma ovog epskog serijala, koji će zasigurno oduševiti ne samo ljubitelje žanra, već i mnogo širi krug čitalaca.

Nad zemljom u kojoj leta mogu trajati decenijama, a zime pokolenjima, nadvili su se crni oblaci. Ledeni vetrovi ponovo duvaju i u snežnim bespućima severno od Zimovrela, mračne i natprirodne sile okupljaju se iza velikog zida koji štiti kraljevstvo. U središtu sukoba nalazi se porodica Stark od Zimovrela, ljudi nepopustljivih i tvrdih kao što je i zemlja kojom vladaju. Prostirući se od predela okovanih surovom hladnoćom do dalekog letnjeg kraljevstva obilja i raskoši, ovo je priča o vitezovima i damama, vojnicima i čarobnjacima, plaćenim ubicama i kopiladima, ljudima koji žive u vremenu zlih predskazanja. Kroz mnoge zavere i spletke, tragedije i izdajstva, bitke i opsade, rešava se sudbina porodice Stark, njihovih saveznika i neprijatelja, dok svi oni pokušavaju da pobede u toj najsmrtonosnijoj od svih igara: igri prestola.', '28397a28-cdd6-42de-89c1-483f8b650de0.jpg', NULL, 25, 18, 'Igra prestola', 'cdba9d04-71a4-46e6-85d6-aa1eedd4bd5c');
INSERT INTO public.books VALUES ('4b2db714-5e56-4501-ae7e-fc6024c106b8', '
Tri stotine godina pre Igre prestola Vesterosom su vladali zmajevi.

Ilustrovao Dag Vitli.

U ovom maestralnom delu autora Pesme leda i vatre, koja je poslužila kao inspiracija za televizijsku seriju kanala HBO Igra prestola, oživela je uzbudljiva istorija Targarjena.

Nekoliko vekova pre događaja koji se odigravaju u Igri prestola kuća Targarjena – jedina porodica zmajskih gospodara koja je preživela Propast Valirije – naselila se na Zmajkamenu. Vatra i krv započinje od legendarnog Egona Osvajača, koji je skovao Gvozdeni presto, a nastavlja se pripovedajući o pokolenjima Targarjena koji su se borili da održe tu znamenitu vladarsku stolicu – sve do izbijanja građanskog rata koji umalo nije zatro celu dinastiju.

Šta se zaista dešavalo za vreme Plesa zmajeva? Zašto je svaki odlazak u Valiriju posle Propasti smrtonosan? Šta su najgori zločini koje je počinio Megor Okrutni? Kakav je bio život u Vesterosu dok su zmajevi šestarili nebom? Ovo su samo neka od svih pitanja na koja su dati odgovori u ovom važnom letopisu napisanom rukom učenog meštra iz Citadele, ilustrovanom s više od osamdeset crno-belih crteža Daga Vitlija. Čitaoci su imali prilike da već okuse ponešto od ovog štiva u Svetu leda i vatre, ali sada je ovde prvi put razmotana čitava bogata tapiserija povesti Targarjena.

Vatra i krv poseduje svu obuhvatnost i veličanstvenost Gibonovog Opadanja i propasti Rimskog carstva, a predstavlja prvi deo dvotomne povesti dinastije Targarjena, pružajući čitaocu sasvim novu sliku dinamične, često krvave, uvek opčinjavajuće prošlosti Vesterosa.

„U Vatri i krvi Martin nije postavljao sebi ograničenja... i nemoguće je knjigu ispustiti iz ruku... Postoji izvesna opojnost u ovoj prozi koja ima i neskrivenih tračerskih osobina... Nameće se očigledno poređenje sa Silmarilionom Dž. R. R. Tolkina... Meštar Gildejn piše nekoliko vekova posle događaja koje obrađuje i njegov pripovedački glas dodatno zapliće priču sukobljenim perspektivama i bujicom spornih činjenica.“ Entertainment Weekly

„Raskošna i mračna saga, sadrži u izobilju oba elementa iz naslova... Teško je ostati hladne krvi čitajući opise nebeskih borbi koje vode zmajevi i nedoumica poraženih vladara kojima se nudi da kleknu, obuku crno i pristupe Noćnoj straži ili prihvate maštovito užasan kraj.“ Guardian
', 'e560dd19-eaf6-41a8-9c82-45dbc811e935.jpg', '978-86-521-3321-5', 32, 20, 'Vatra i krv', 'cdba9d04-71a4-46e6-85d6-aa1eedd4bd5c');


--
-- TOC entry 3128 (class 0 OID 177369)
-- Dependencies: 203
-- Data for Name: books_by_authors; Type: TABLE DATA; Schema: public; Owner: postgres
--

INSERT INTO public.books_by_authors VALUES ('78c5fe36-4fd6-45cc-8834-2e3eae0ab5ae', '1c1c2808-cb6c-4223-b3aa-8ec5c4c13951');
INSERT INTO public.books_by_authors VALUES ('0fc7a533-3eef-460f-af6d-c36f546bbb0c', '0752d034-2327-4790-b16a-077c2d8d71aa');
INSERT INTO public.books_by_authors VALUES ('8a6b2e2a-058a-4c9b-b843-efcbbeb751a0', '0752d034-2327-4790-b16a-077c2d8d71aa');
INSERT INTO public.books_by_authors VALUES ('4b2db714-5e56-4501-ae7e-fc6024c106b8', '0752d034-2327-4790-b16a-077c2d8d71aa');


--
-- TOC entry 3130 (class 0 OID 177379)
-- Dependencies: 205
-- Data for Name: categories; Type: TABLE DATA; Schema: public; Owner: postgres
--

INSERT INTO public.categories VALUES ('b3d9b190-02dc-4a6c-8fe7-051638e31ece', 'Narrative');
INSERT INTO public.categories VALUES ('825346c8-a16d-4ff4-afd9-e8b799d2f272', 'E-books');
INSERT INTO public.categories VALUES ('9e88c010-6034-4103-b651-a833bb6b1e18', 'Epic fantasy');
INSERT INTO public.categories VALUES ('7d3e4bd5-bbca-47a6-bc63-68517e097868', 'Filmed books');


--
-- TOC entry 3129 (class 0 OID 177374)
-- Dependencies: 204
-- Data for Name: books_categories; Type: TABLE DATA; Schema: public; Owner: postgres
--

INSERT INTO public.books_categories VALUES ('78c5fe36-4fd6-45cc-8834-2e3eae0ab5ae', '825346c8-a16d-4ff4-afd9-e8b799d2f272');
INSERT INTO public.books_categories VALUES ('78c5fe36-4fd6-45cc-8834-2e3eae0ab5ae', 'b3d9b190-02dc-4a6c-8fe7-051638e31ece');
INSERT INTO public.books_categories VALUES ('0fc7a533-3eef-460f-af6d-c36f546bbb0c', '7d3e4bd5-bbca-47a6-bc63-68517e097868');
INSERT INTO public.books_categories VALUES ('0fc7a533-3eef-460f-af6d-c36f546bbb0c', '9e88c010-6034-4103-b651-a833bb6b1e18');
INSERT INTO public.books_categories VALUES ('8a6b2e2a-058a-4c9b-b843-efcbbeb751a0', '7d3e4bd5-bbca-47a6-bc63-68517e097868');
INSERT INTO public.books_categories VALUES ('8a6b2e2a-058a-4c9b-b843-efcbbeb751a0', '9e88c010-6034-4103-b651-a833bb6b1e18');
INSERT INTO public.books_categories VALUES ('4b2db714-5e56-4501-ae7e-fc6024c106b8', '9e88c010-6034-4103-b651-a833bb6b1e18');
INSERT INTO public.books_categories VALUES ('4b2db714-5e56-4501-ae7e-fc6024c106b8', '7d3e4bd5-bbca-47a6-bc63-68517e097868');


--
-- TOC entry 3131 (class 0 OID 177384)
-- Dependencies: 206
-- Data for Name: cities; Type: TABLE DATA; Schema: public; Owner: postgres
--

INSERT INTO public.cities VALUES ('27c37ee5-165a-4671-95d6-8efeb627b362', 'Novi Sad', 21000);


--
-- TOC entry 3133 (class 0 OID 177394)
-- Dependencies: 208
-- Data for Name: customers; Type: TABLE DATA; Schema: public; Owner: postgres
--

INSERT INTO public.customers VALUES (false, NULL, 'andjela@gmail.com', NULL, NULL, '6b217f25-2b45-4d60-8063-bf56fa3b40a1', NULL);


--
-- TOC entry 3132 (class 0 OID 177389)
-- Dependencies: 207
-- Data for Name: comments; Type: TABLE DATA; Schema: public; Owner: postgres
--

INSERT INTO public.comments VALUES ('277af0a6-7090-4e05-ad31-8d4753ef19bc', 'Knjiga je savrsena!', '2021-09-23 02:33:51.672', 1, '78c5fe36-4fd6-45cc-8834-2e3eae0ab5ae', '6b217f25-2b45-4d60-8063-bf56fa3b40a1');


--
-- TOC entry 3135 (class 0 OID 177407)
-- Dependencies: 210
-- Data for Name: locations; Type: TABLE DATA; Schema: public; Owner: postgres
--

INSERT INTO public.locations VALUES ('30d3dc5b-4e94-4a5e-8fa9-fee466ba81a6', 5, 'Bulevar Oslobodjenja', '27c37ee5-165a-4671-95d6-8efeb627b362');


--
-- TOC entry 3136 (class 0 OID 177412)
-- Dependencies: 211
-- Data for Name: marks; Type: TABLE DATA; Schema: public; Owner: postgres
--

INSERT INTO public.marks VALUES ('e9a082bf-b311-4702-88e2-53ecca8d7b0b', 5, '78c5fe36-4fd6-45cc-8834-2e3eae0ab5ae', '6b217f25-2b45-4d60-8063-bf56fa3b40a1');


--
-- TOC entry 3138 (class 0 OID 177422)
-- Dependencies: 213
-- Data for Name: orders; Type: TABLE DATA; Schema: public; Owner: postgres
--

INSERT INTO public.orders VALUES ('3f569035-d714-4cf5-a77f-57ee236ef7cd', '2021-09-23 02:28:38.588', 2, 79, '6b217f25-2b45-4d60-8063-bf56fa3b40a1', '30d3dc5b-4e94-4a5e-8fa9-fee466ba81a6');


--
-- TOC entry 3137 (class 0 OID 177417)
-- Dependencies: 212
-- Data for Name: order_lines; Type: TABLE DATA; Schema: public; Owner: postgres
--

INSERT INTO public.order_lines VALUES ('6cc13a1e-7638-40d6-9523-1e8d84a97b59', 29, 1, '8a6b2e2a-058a-4c9b-b843-efcbbeb751a0', '3f569035-d714-4cf5-a77f-57ee236ef7cd');
INSERT INTO public.order_lines VALUES ('34e411db-5f61-490d-a66f-3ec0a2813ee0', 50, 2, '0fc7a533-3eef-460f-af6d-c36f546bbb0c', '3f569035-d714-4cf5-a77f-57ee236ef7cd');


--
-- TOC entry 3139 (class 0 OID 177427)
-- Dependencies: 214
-- Data for Name: roles; Type: TABLE DATA; Schema: public; Owner: postgres
--

INSERT INTO public.roles VALUES ('cb190efc-3c4b-45fc-8307-82039415b61d', 'ROLE_CUSTOMER');
INSERT INTO public.roles VALUES ('1358136f-d0aa-4361-90c0-b7e38a664bdc', 'ROLE_ADMINISTRATOR');


--
-- TOC entry 3141 (class 0 OID 177440)
-- Dependencies: 216
-- Data for Name: users_roles; Type: TABLE DATA; Schema: public; Owner: postgres
--

INSERT INTO public.users_roles VALUES ('e194ba33-c08c-4839-ae38-05b1904407d2', '1358136f-d0aa-4361-90c0-b7e38a664bdc');
INSERT INTO public.users_roles VALUES ('6b217f25-2b45-4d60-8063-bf56fa3b40a1', 'cb190efc-3c4b-45fc-8307-82039415b61d');


-- Completed on 2021-09-23 02:45:20 CEST

--
-- PostgreSQL database dump complete
--
